City_ID,City,Country,Lat,Lng,Max Temp,Humidity,Cloudiness,Wind Speed,Current Description
0,Anadyr,RU,64.75,177.4833,-35.52,73,64,6.8,broken clouds
1,Mahebourg,MU,-20.4081,57.7,76.24,79,12,1.59,few clouds
2,Zatoka,UA,46.0725,30.4654,37.94,71,0,4.03,clear sky
3,Butaritari,KI,3.0707,172.7902,81.46,78,79,15.26,broken clouds
4,Bluff,NZ,-46.6,168.3333,57.79,67,21,14.03,few clouds
5,Saskylakh,RU,71.9167,114.0833,2.57,92,93,12.62,overcast clouds
6,Provideniya,RU,64.3833,-173.3,-16.13,91,8,9.4,clear sky
7,Zhigansk,RU,66.7697,123.3711,-30.05,100,92,5.46,overcast clouds
8,Busselton,AU,-33.65,115.3333,59.09,90,54,4.27,broken clouds
9,Asau,RO,46.4333,26.4,38.39,90,18,5.86,few clouds
10,Muros,ES,42.7762,-9.0603,55.9,84,100,2.86,overcast clouds
11,Nikolskoye,RU,59.7035,30.7861,28.29,92,41,8.34,scattered clouds
12,Hithadhoo,MV,-0.6,73.0833,81.48,70,100,8.16,overcast clouds
13,Hisua,IN,24.8333,85.4167,53.35,60,0,5.66,clear sky
14,Rikitea,PF,-23.1203,-134.9692,79.03,73,4,16.28,clear sky
15,Kikwit,CD,-5.041,18.8162,74.59,79,46,1.59,scattered clouds
16,Manfredonia,IT,41.6259,15.9094,48.81,77,96,2.33,overcast clouds
17,Ushuaia,AR,-54.8,-68.3,55.02,64,100,7.11,overcast clouds
18,Cidreira,BR,-30.1811,-50.2056,77.47,76,0,19.04,clear sky
19,Srednekolymsk,RU,67.45,153.6833,-38.2,100,31,6.06,scattered clouds
20,Kapaa,US,22.0752,-159.319,76.19,69,0,5.75,clear sky
21,Luderitz,NA,-26.6481,15.1594,78.48,61,100,16.15,overcast clouds
22,Mattru,SL,7.6244,-11.8332,78.91,76,7,6.78,clear sky
23,Mataura,NZ,-46.1927,168.8643,57.47,78,93,5.1,overcast clouds
24,Ostersund,SE,63.1792,14.6357,26.62,68,100,14.97,snow
25,Walvis Bay,NA,-22.9575,14.5053,72.09,83,16,3.09,moderate rain
26,Ponta Do Sol,PT,32.6667,-17.1,66.7,82,11,3.91,few clouds
27,Albany,US,42.6001,-73.9662,51.75,41,84,3.0,broken clouds
28,Ocos,GT,14.5094,-92.1933,92.73,59,0,11.52,clear sky
29,Lebu,CL,-37.6167,-73.65,61.83,62,0,23.6,clear sky
30,Aklavik,CA,68.2191,-135.0107,-19.48,92,27,6.71,scattered clouds
31,Baghdad,IQ,33.3406,44.4009,51.71,66,0,9.22,clear sky
32,Jamestown,US,42.097,-79.2353,54.72,42,100,27.63,overcast clouds
33,Kieta,PG,-6.2167,155.6333,78.03,86,100,1.68,light rain
34,Chuy,UY,-33.6971,-53.4616,79.32,67,94,15.93,overcast clouds
35,Adrar,MR,20.5022,-10.0711,65.71,16,38,11.9,scattered clouds
36,Shimoda,JP,34.6667,138.95,37.11,80,99,9.64,overcast clouds
37,Lakes Entrance,AU,-37.8811,147.981,60.17,88,95,3.06,overcast clouds
38,Hovd,MN,48.0056,91.6419,-14.31,86,88,4.23,overcast clouds
39,Iqaluit,CA,63.7506,-68.5145,1.13,77,100,0.0,light snow
40,Punta Arenas,CL,-53.15,-70.9167,57.31,62,0,32.21,clear sky
41,Vanimo,PG,-2.6741,141.3028,76.42,88,100,4.94,overcast clouds
42,Cordoba,AR,-31.4135,-64.1811,67.05,82,100,13.8,overcast clouds
43,Comodoro Rivadavia,AR,-45.8667,-67.5,69.66,28,0,18.41,clear sky
44,Hermanus,ZA,-34.4187,19.2345,67.89,88,0,5.57,clear sky
45,Jinchang,CN,38.4953,102.1739,23.68,80,100,7.65,overcast clouds
46,Ampanihy,MG,-24.7,44.75,74.37,87,43,13.18,scattered clouds
47,Lang Son,VN,21.8333,106.7333,54.52,96,100,4.5,overcast clouds
48,Krusa,DK,54.851,9.4013,35.28,80,4,11.5,clear sky
49,Vestmannaeyjar,IS,63.4427,-20.2734,35.04,68,100,15.46,overcast clouds
50,Broome,US,42.2506,-75.833,50.18,44,0,14.0,clear sky
51,Hilo,US,19.7297,-155.09,78.24,66,40,5.99,scattered clouds
52,New Norfolk,AU,-42.7826,147.0587,51.93,68,36,2.1,scattered clouds
53,Arraial Do Cabo,BR,-22.9661,-42.0278,75.06,88,75,5.75,broken clouds
54,Puerto Madryn,AR,-42.7692,-65.0385,72.16,22,0,5.06,clear sky
55,Esperance,AU,-33.8667,121.9,73.24,91,100,3.22,moderate rain
56,Puerto Escondido,MX,15.85,-97.0667,86.83,66,40,9.22,scattered clouds
57,Tasiilaq,GL,65.6145,-37.6368,14.16,59,100,5.57,overcast clouds
58,Carnarvon,AU,-24.8667,113.6333,78.87,73,1,2.3,clear sky
59,Linhares,BR,-19.3911,-40.0722,79.56,83,81,5.48,light rain
60,Jumla,NP,29.2747,82.1838,18.79,68,0,8.77,clear sky
61,Ilulissat,GL,69.2167,-51.1,24.82,80,75,6.91,light snow
62,Husavik,IS,66.0449,-17.3389,13.01,92,90,6.49,overcast clouds
63,Warragul,AU,-38.1667,145.9333,60.73,90,34,10.0,scattered clouds
64,Port Alfred,ZA,-33.5906,26.891,70.59,85,8,6.13,clear sky
65,Tiarei,PF,-17.5333,-149.3333,84.22,76,30,17.09,scattered clouds
66,Alofi,NU,-19.0595,-169.9187,82.29,78,75,8.05,broken clouds
67,Podgornoye,RU,51.735,39.1496,32.22,86,75,13.42,broken clouds
68,Morant Bay,JM,17.8815,-76.4093,82.02,75,26,12.48,scattered clouds
69,Metro,ID,-5.1131,105.3067,72.64,87,100,4.56,overcast clouds
70,Mar Del Plata,AR,-38.0023,-57.5575,62.87,72,100,23.02,overcast clouds
71,Fort Nelson,CA,58.8053,-122.7002,14.02,86,100,0.27,overcast clouds
72,Parana,AR,-31.732,-60.5238,83.03,30,100,21.63,overcast clouds
73,Baglan,AF,36.1307,68.7083,49.86,34,64,1.77,broken clouds
74,Migori,KE,-1.0634,34.4731,64.72,77,36,3.36,scattered clouds
75,Nishihara,JP,26.1842,127.7558,65.86,77,100,11.5,overcast clouds
76,Prince Rupert,CA,54.3161,-130.3201,39.65,63,100,1.01,overcast clouds
77,Pevek,RU,69.7008,170.3133,-28.39,100,97,7.11,overcast clouds
78,Flin Flon,CA,54.7682,-101.865,-13.16,53,20,3.44,few clouds
79,Khorixas,NA,-20.3667,14.9667,73.42,77,94,8.32,overcast clouds
80,Puerto Ayora,EC,-0.7393,-90.3518,82.36,87,91,5.99,overcast clouds
81,Bunbury,AU,-33.3333,115.6333,58.82,88,59,6.8,broken clouds
82,Cabo San Lucas,MX,22.8909,-109.9124,78.51,59,0,12.66,clear sky
83,Moussoro,TD,13.6408,16.4901,70.95,13,4,13.51,clear sky
84,San Juan,AR,-31.5375,-68.5364,70.25,61,74,19.64,broken clouds
85,Hasaki,JP,35.7333,140.8333,28.8,57,13,13.2,few clouds
86,Victoria,HK,22.2855,114.1577,66.94,88,34,3.0,scattered clouds
87,Moerai,PF,-22.4333,-151.3333,79.27,73,97,9.04,overcast clouds
88,Cherskiy,RU,68.75,161.3,-36.76,100,88,6.53,overcast clouds
89,Tobol,KZ,52.6844,62.5794,25.09,97,100,7.7,light snow
90,Isangel,VU,-19.55,169.2667,80.28,82,99,7.87,overcast clouds
91,Quthing,LS,-30.4,27.7003,68.52,29,0,0.85,clear sky
92,Kavieng,PG,-2.5744,150.7967,80.4,81,100,5.82,moderate rain
93,Deputatskiy,RU,69.3,139.9,-16.62,96,97,5.53,overcast clouds
94,Barrow,US,71.2906,-156.7887,-27.38,68,100,6.91,haze
95,Laurel,US,39.0993,-76.8483,67.55,29,0,14.97,clear sky
96,Namibe,AO,-15.1961,12.1522,75.88,83,79,2.48,broken clouds
97,Hobart,AU,-42.8794,147.3294,52.27,76,75,10.36,broken clouds
98,Nashua,US,42.7654,-71.4676,55.06,36,0,11.5,clear sky
99,Brae,GB,60.3964,-1.353,42.71,78,100,17.85,overcast clouds
100,Erzincan,TR,39.75,39.5,24.1,86,0,2.3,clear sky
101,Alghero,IT,40.5589,8.3181,47.98,87,0,2.3,clear sky
102,Biltine,TD,14.5333,20.9167,71.94,11,4,11.74,clear sky
103,Kahului,US,20.8947,-156.47,79.86,65,40,3.44,scattered clouds
104,Paita,PE,-5.0892,-81.1144,88.36,66,38,15.64,scattered clouds
105,Qaanaaq,GL,77.484,-69.3632,-23.89,62,0,7.34,clear sky
106,Coihaique,CL,-45.5752,-72.0662,68.61,40,0,10.36,clear sky
107,Vaini,TO,-21.2,-175.2,82.56,89,20,6.91,few clouds
108,Tucuma,BR,-0.1833,-50.05,78.75,89,100,6.49,heavy intensity rain
109,Kodiak,US,57.79,-152.4072,38.71,93,100,0.0,light rain
110,Naze,JP,28.3667,129.4833,57.38,66,100,7.78,overcast clouds
111,Kaitangata,NZ,-46.2817,169.8464,55.99,80,100,5.08,overcast clouds
112,Umm Kaddadah,SD,13.6017,26.6876,59.92,17,9,12.84,clear sky
113,Biak,ID,-0.9131,122.8766,75.76,82,100,1.36,overcast clouds
114,Fayaoue,NC,-20.65,166.5333,82.65,78,100,14.9,overcast clouds
115,Inirida,CO,3.8653,-67.9239,89.82,51,84,2.17,broken clouds
116,Ous,RU,60.9058,61.5186,7.65,94,100,9.57,light snow
117,Saint-Philippe,RE,-21.3585,55.7679,76.59,72,32,7.81,scattered clouds
118,San Quintin,MX,30.4833,-115.95,73.22,23,0,7.29,clear sky
119,Thompson,CA,55.7435,-97.8558,-10.8,76,6,8.39,clear sky
120,Saint George,US,37.1041,-113.5841,70.27,28,0,5.75,clear sky
121,Port-Gentil,GA,-0.7193,8.7815,80.96,82,20,10.16,few clouds
122,Margate,GB,51.3813,1.3862,41.31,74,95,1.01,overcast clouds
123,Lasa,IT,46.6166,10.7002,40.91,83,39,7.25,scattered clouds
124,Vostok,RU,46.4856,135.8833,13.77,97,100,3.33,overcast clouds
125,Alta Floresta,BR,-9.8756,-56.0861,78.85,81,100,2.68,overcast clouds
126,Juneau,US,58.3019,-134.4197,35.6,94,100,24.16,mist
127,San-Pedro,CI,4.7485,-6.6363,80.46,80,86,7.85,overcast clouds
128,Maragogi,BR,-9.0122,-35.2225,83.46,69,100,14.94,overcast clouds
129,Kuching,MY,1.55,110.3333,75.42,94,40,3.44,light rain
130,Bongandanga,CD,1.5,21.05,77.38,46,64,0.58,broken clouds
131,Port Lincoln,AU,-34.7333,135.8667,64.38,76,0,13.91,clear sky
132,Laguna,US,38.421,-121.4238,77.34,53,0,4.61,clear sky
133,Port Elizabeth,ZA,-33.918,25.5701,66.67,81,0,1.72,clear sky
134,Zyryanka,RU,65.75,150.85,-37.53,99,61,5.97,broken clouds
135,Norman Wells,CA,65.282,-126.8329,-7.44,97,89,1.36,overcast clouds
136,Anyang,CN,36.0994,114.3289,37.96,60,80,2.42,broken clouds
137,Gorom-Gorom,BF,14.4439,-0.2361,78.22,8,0,7.99,clear sky
138,Male,MV,4.1748,73.5089,81.27,73,49,4.45,scattered clouds
139,Noumea,NC,-22.2763,166.4572,81.0,99,84,6.82,broken clouds
140,Avarua,CK,-21.2078,-159.775,80.65,78,20,10.36,few clouds
141,Artyom,AZ,40.4723,50.333,41.14,77,15,8.3,few clouds
142,Antalaha,MG,-14.9003,50.2788,75.25,88,15,7.58,few clouds
143,Norrkoping,SE,58.5942,16.1826,31.41,68,0,9.22,clear sky
144,Hirara,JP,24.8,125.2833,68.94,74,100,16.55,overcast clouds
145,Chapais,CA,49.7834,-74.8492,10.18,95,100,8.9,snow
146,Teya,RU,60.3778,92.6267,-19.48,100,19,1.92,few clouds
147,Sakhon Nakhon,TH,17.1612,104.1472,82.15,71,100,6.73,overcast clouds
148,Hailin,CN,44.5833,129.4167,-0.92,92,24,6.4,few clouds
149,Malindi,KE,-3.2175,40.1191,77.52,85,36,11.41,scattered clouds
150,Torbay,CA,47.6666,-52.7314,39.38,86,49,7.0,scattered clouds
151,Castro,BR,-24.7911,-50.0119,77.09,59,42,7.23,scattered clouds
152,Tateyama,JP,34.9833,139.8667,39.22,67,13,12.08,few clouds
153,Cape Town,ZA,-33.9258,18.4232,70.09,78,0,5.01,clear sky
154,Talnakh,RU,69.4865,88.3972,-11.33,88,100,9.93,overcast clouds
155,Jalu,LY,29.0331,21.5482,54.91,49,0,6.71,clear sky
156,Harper,LR,4.375,-7.7169,80.08,80,51,10.31,broken clouds
157,Alice Town,BS,25.7167,-79.3,74.23,76,31,7.07,scattered clouds
158,Qingdao,CN,36.0986,120.3719,40.15,67,6,2.35,clear sky
159,Egvekinot,RU,66.3167,-179.1667,-21.6,86,3,8.16,clear sky
160,Tarauaca,BR,-8.1614,-70.7656,82.98,73,100,1.63,heavy intensity rain
161,Grants Pass,US,42.439,-123.3284,64.36,76,0,0.0,clear sky
162,Moengo,SR,5.6167,-54.4,77.45,90,52,5.23,broken clouds
163,Yellowknife,CA,62.456,-114.3525,-8.72,93,100,4.63,overcast clouds
164,Santa Rosalia,MX,27.3167,-112.2833,71.04,24,0,4.43,clear sky
165,Tuktoyaktuk,CA,69.4541,-133.0374,-23.28,100,49,5.79,scattered clouds
166,Bengkulu,ID,-3.8004,102.2655,74.12,88,100,4.59,overcast clouds
167,Cleethorpes,GB,53.5605,-0.0323,42.1,83,91,11.97,overcast clouds
168,Saint Anthony,US,45.0205,-93.218,20.8,65,100,20.71,overcast clouds
169,Brigantine,US,39.4101,-74.3646,63.32,58,0,18.41,clear sky
170,Tiksi,RU,71.6872,128.8694,-12.01,94,99,15.28,overcast clouds
171,Hwange,ZW,-18.3693,26.5019,68.47,91,100,1.66,overcast clouds
172,Padang,ID,-0.9492,100.3543,77.27,79,100,4.18,heavy intensity rain
173,Bethel,US,41.3712,-73.414,56.28,43,0,12.66,clear sky
174,Lorengau,PG,-2.0226,147.2712,81.73,77,100,10.6,overcast clouds
175,Ostrovnoy,RU,68.0531,39.5131,20.73,93,100,9.62,overcast clouds
176,Tuatapere,NZ,-46.1333,167.6833,57.81,76,42,6.4,scattered clouds
177,Keetmanshoop,NA,-26.5833,18.1333,77.88,53,100,14.14,light rain
178,Ulladulla,AU,-35.35,150.4667,61.09,88,94,11.14,overcast clouds
179,Urumqi,CN,43.801,87.6005,5.95,92,40,2.24,mist
180,Mucuri,BR,-18.0864,-39.5508,81.12,71,54,9.95,broken clouds
181,Shingu,JP,33.7333,135.9833,34.92,60,9,5.7,clear sky
182,Ambulu,ID,-8.345,113.6058,75.7,88,100,3.38,light rain
183,Uray,RU,60.1247,64.7758,2.68,85,100,13.51,overcast clouds
184,Pangnirtung,CA,66.1451,-65.7125,0.84,81,100,5.01,overcast clouds
185,Udachnyy,RU,66.4167,112.4,-9.51,100,98,3.69,overcast clouds
186,San Patricio,US,28.017,-97.5169,79.21,44,0,8.21,clear sky
187,Grand Forks,US,47.9417,-97.4337,-5.87,74,100,29.93,overcast clouds
188,Turukhansk,RU,65.8167,87.9833,-19.44,88,12,5.53,few clouds
189,Larsnes,NO,62.2028,5.5773,38.01,87,100,17.45,overcast clouds
190,Broken Hill,AU,-31.95,141.4333,62.49,46,0,14.23,clear sky
191,Roald,NO,62.5833,6.1333,38.34,87,75,24.16,broken clouds
192,Japura,ID,-0.3167,102.35,72.91,97,100,2.91,overcast clouds
193,Umm Lajj,SA,25.0213,37.2685,65.57,45,0,14.27,clear sky
194,Moanda,GA,-1.5575,13.2178,77.07,71,91,3.06,overcast clouds
195,Sao Filipe,CV,14.8961,-24.4956,78.28,56,12,15.3,few clouds
196,Atuona,PF,-9.8,-139.0333,77.77,75,7,13.82,clear sky
197,Georgetown,MY,5.4112,100.3354,78.89,86,20,3.44,few clouds
198,Fairbanks,US,64.8378,-147.7164,2.3,75,75,9.22,broken clouds
199,Mundo Nuevo,MX,18.7,-95.5,74.19,77,26,7.65,scattered clouds
200,Petropavlovsk-Kamchatskiy,RU,53.0452,158.6483,-0.22,78,0,8.95,clear sky
201,Kruisfontein,ZA,-34.0033,24.7314,63.25,81,0,2.06,clear sky
202,Chumikan,RU,54.7183,135.315,6.57,96,100,5.5,overcast clouds
203,Bredasdorp,ZA,-34.5322,20.0403,64.27,85,7,3.27,clear sky
204,East London,ZA,-33.0153,27.9116,74.66,85,100,6.15,light rain
205,Severo-Yeniseyskiy,RU,60.3725,93.0408,-19.86,99,11,3.24,few clouds
206,Bambous Virieux,MU,-20.3428,57.7575,76.21,79,12,2.06,few clouds
207,Natal,BR,-5.795,-35.2094,84.85,74,40,16.11,scattered clouds
208,Anshun,CN,26.25,105.9333,37.29,90,100,4.61,overcast clouds
209,Fortuna,US,40.5982,-124.1573,73.85,52,20,1.01,few clouds
210,Touros,BR,-5.1989,-35.4608,85.1,70,31,13.18,scattered clouds
211,Jingdezhen,CN,29.2947,117.2079,43.41,97,100,2.15,overcast clouds
212,Necochea,AR,-38.5473,-58.7368,63.03,65,100,18.1,light rain
213,Batemans Bay,AU,-35.7167,150.1833,62.1,90,41,5.57,scattered clouds
214,Bathsheba,BB,13.2167,-59.5167,79.23,60,5,20.56,clear sky
215,Najran,SA,17.4924,44.1277,66.87,18,0,3.87,clear sky
216,Goure,NE,13.9835,10.2704,65.12,13,0,10.02,clear sky
217,Sorong,ID,-0.8833,131.25,77.77,82,100,4.5,overcast clouds
218,Kalmunai,LK,7.4167,81.8167,77.49,87,100,3.78,overcast clouds
219,Khilok,RU,51.3674,110.4676,-9.89,98,100,1.23,overcast clouds
220,Kabalo,CD,-6.05,26.9167,70.29,97,99,4.36,overcast clouds
221,Salalah,OM,17.0151,54.0924,73.49,60,20,3.44,few clouds
222,Nanortalik,GL,60.1432,-45.2371,29.52,81,100,7.16,overcast clouds
223,Tazovskiy,RU,67.4667,78.7,-3.55,79,96,15.19,overcast clouds
224,Hervey Bay,AU,-25.2986,152.8535,69.04,73,2,13.8,clear sky
225,Airai,TL,-8.9266,125.4092,60.57,94,100,1.36,light rain
226,Dhangadhi,NP,28.7079,80.5961,52.81,78,0,3.29,clear sky
227,Lerwick,GB,60.1545,-1.1494,42.8,76,100,19.37,overcast clouds
228,Ikalamavony,MG,-21.15,46.5833,70.59,84,43,6.93,scattered clouds
229,Balkanabat,TM,39.5108,54.3671,43.86,66,30,0.29,scattered clouds
230,Upernavik,GL,72.7868,-56.1549,-15.18,79,100,14.52,overcast clouds
231,Nouakchott,MR,18.0858,-15.9785,84.13,24,68,13.42,broken clouds
232,Rigaud,CA,45.4793,-74.3024,40.32,70,100,6.87,overcast clouds
233,Lompoc,US,34.6391,-120.4579,86.02,26,0,4.61,clear sky
234,Ponta Delgada,PT,37.7333,-25.6667,62.51,67,75,2.3,broken clouds
235,Coromandel,BR,-18.4733,-47.2003,68.85,91,98,3.69,light rain
236,Mae Sai,TH,20.4335,99.8762,60.89,56,0,2.73,clear sky
237,Sokolo,ML,14.7328,-6.1219,76.69,13,0,10.25,clear sky
238,Lagoa,PT,39.05,-27.9833,59.72,79,100,13.24,overcast clouds
239,Buala,SB,-8.145,159.5921,75.67,96,100,1.41,heavy intensity rain
240,Yulara,AU,-25.2406,130.9889,72.63,36,0,8.75,clear sky
241,Sergeyevka,KZ,53.88,67.4158,13.32,92,100,17.4,light snow
242,Maneadero,MX,31.7167,-116.5667,70.11,55,0,5.01,clear sky
243,Bacolod,PH,10.6667,122.95,77.04,89,88,11.36,overcast clouds
244,Griffith,US,41.5284,-87.4237,45.91,71,75,17.27,broken clouds
245,Ukiah,US,39.1502,-123.2078,80.65,35,0,0.0,clear sky
246,Kiunga,PG,-6.1219,141.2906,71.06,99,100,1.21,overcast clouds
247,Clarence Town,AU,-32.5833,151.7833,72.86,85,87,4.07,overcast clouds
248,Pergamino,AR,-33.89,-60.5736,61.52,87,100,21.77,overcast clouds
249,Khatanga,RU,71.9667,102.5,1.98,79,66,15.59,broken clouds
250,Tommot,RU,58.9564,126.2925,-16.74,100,99,1.36,overcast clouds
251,Taoudenni,ML,22.6783,-3.9836,66.79,20,0,9.66,clear sky
252,Usinsk,RU,65.9939,57.5281,11.07,87,100,15.46,overcast clouds
253,Angul,IN,20.85,85.1,61.12,43,75,2.53,broken clouds
254,Kununurra,AU,-15.7667,128.7333,78.78,94,40,0.0,scattered clouds
255,Caiaponia,BR,-16.9567,-51.8103,72.82,89,100,6.91,overcast clouds
256,Longyearbyen,SJ,78.2186,15.6401,21.04,86,75,4.61,light snow
257,Vanavara,RU,60.34,102.2797,-22.45,100,86,1.21,overcast clouds
258,Port Hardy,CA,50.6996,-127.4199,43.75,76,77,3.67,broken clouds
259,Acapulco,MX,16.8634,-99.8901,84.02,61,75,8.05,broken clouds
260,Mayskiy,RU,47.6931,40.1025,40.44,88,96,16.82,overcast clouds
261,Portland,US,45.5234,-122.6762,64.09,60,20,11.01,smoke
262,Makokou,GA,0.5738,12.8642,81.59,50,99,3.27,overcast clouds
263,Smithers,CA,54.7804,-127.1743,29.57,78,100,0.65,overcast clouds
264,Roma,US,43.2128,-75.4557,49.86,49,100,6.91,overcast clouds
265,Flagstaff,US,35.1981,-111.6513,62.56,10,0,12.66,clear sky
266,Honolulu,US,21.3069,-157.8583,78.62,68,20,5.75,few clouds
267,Constitucion,CL,-35.3333,-72.4167,70.54,44,0,15.37,clear sky
268,Saldanha,ZA,-33.0117,17.9442,65.53,89,0,20.69,clear sky
269,Tura,IN,25.5198,90.2201,54.19,68,0,1.83,clear sky
270,Bemidji,US,47.4736,-94.8803,6.19,63,0,18.41,clear sky
271,Maniitsoq,GL,65.4167,-52.9,27.97,97,100,18.34,snow
272,Mahanoro,MG,-19.9,48.8,75.2,84,84,4.5,broken clouds
273,North Platte,US,41.1239,-100.7654,44.49,57,75,25.32,broken clouds
274,Dikson,RU,73.5069,80.5464,1.49,83,100,28.61,overcast clouds
275,George,ZA,-33.963,22.4617,65.88,72,0,3.94,clear sky
276,Haines Junction,CA,60.7522,-137.5108,17.69,95,100,2.39,light snow
277,Khipro,PK,25.8285,69.3772,62.94,24,0,1.97,clear sky
278,Saint-Francois,FR,46.4154,3.9054,34.68,79,0,3.44,clear sky
279,Vila Velha,BR,-20.3297,-40.2925,76.95,88,75,11.5,moderate rain
280,Chicama,PE,-7.8447,-79.1469,70.34,54,67,11.5,broken clouds
281,Poum,NC,-20.2333,164.0167,80.42,79,100,7.14,overcast clouds
282,Bastia,FR,42.6667,9.3333,52.93,77,100,3.44,overcast clouds
283,Acara,BR,-1.9608,-48.1967,79.88,80,100,3.29,overcast clouds
284,Vardo,NO,70.3705,31.1107,28.6,86,96,23.02,overcast clouds
285,Barcelona,ES,41.3888,2.159,55.47,81,0,2.3,clear sky
286,Khandyga,RU,62.6667,135.6,-43.56,100,76,1.16,broken clouds
287,Hami,CN,42.8,93.45,30.02,52,100,0.16,overcast clouds
288,Cururupu,BR,-1.8283,-44.8683,82.63,71,98,5.35,overcast clouds
289,Kamenka,RU,51.3223,42.7678,35.74,99,100,16.71,overcast clouds
290,Barabinsk,RU,55.3571,78.357,-19.01,100,75,5.41,broken clouds
291,Marsabit,KE,2.3284,37.9899,73.4,40,81,11.07,broken clouds
292,Chokurdakh,RU,70.6333,147.9167,-5.12,96,100,12.46,overcast clouds
293,Kazachinskoye,RU,57.6953,93.2761,-14.96,100,41,3.4,scattered clouds
294,Ribeira Grande,PT,38.5167,-28.7,61.2,72,20,5.75,few clouds
295,Leh,IN,34.1667,77.5833,-10.68,57,7,4.25,clear sky
296,Cortes,ES,41.9395,-1.4396,52.39,77,56,9.86,broken clouds
297,Santiago,CL,-33.4569,-70.6483,86.29,37,20,13.8,few clouds
298,At-Bashi,KG,41.1702,75.8106,15.53,89,99,0.69,overcast clouds
299,Santa Maria Da Vitoria,BR,-13.3947,-44.1886,83.79,66,65,2.95,broken clouds
300,Itarema,BR,-2.9248,-39.9167,82.58,70,46,14.07,scattered clouds
301,Rabo De Peixe,PT,37.8,-25.5833,61.29,80,75,2.3,broken clouds
302,Turayf,SA,31.6725,38.6637,44.31,58,7,8.68,clear sky
303,Cairns,AU,-16.9167,145.7667,73.35,93,40,2.3,scattered clouds
304,Chunoyar,RU,57.4467,97.3217,-17.61,100,10,3.6,clear sky
305,Buchanan,LR,5.8808,-10.0467,82.36,82,22,8.28,few clouds
306,Alberdi,AR,-32.8899,-60.6906,69.82,78,100,26.46,light rain
307,Benghazi,LY,32.1167,20.0667,56.73,68,10,9.44,clear sky
308,Culebra,PR,18.303,-65.301,83.66,71,0,20.94,clear sky
309,Coihueco,CL,-36.6167,-71.8333,84.94,19,0,11.5,clear sky
310,Izumo,JP,35.3667,132.7667,39.04,79,100,3.27,overcast clouds
311,Tahta,EG,26.7693,31.5021,54.95,41,0,6.2,clear sky
312,Katesh,TZ,-4.5167,35.3833,58.86,91,100,2.8,light rain
313,Klaksvik,FO,62.2266,-6.589,38.32,85,100,18.28,overcast clouds
314,Baoqing,CN,46.3317,132.2111,10.63,95,100,5.77,light snow
315,Tromso,NO,69.6496,18.957,25.38,93,75,10.36,broken clouds
316,Katsuura,JP,35.1333,140.3,39.31,71,8,13.06,clear sky
317,Letlhakeng,BW,-24.0944,25.0298,74.57,42,3,6.89,clear sky
318,Polyarnyy,RU,69.1989,33.4478,21.67,95,100,11.63,light snow
319,Karratha,AU,-20.7377,116.8463,84.76,71,13,4.56,few clouds
320,Sitka,US,57.0531,-135.33,44.49,70,100,13.8,overcast clouds
321,San Jose,US,37.3394,-121.895,78.6,45,20,5.99,few clouds
322,Vestmanna,FO,62.1564,-7.1664,36.52,87,100,12.66,overcast clouds
323,Mendi,PG,-6.1761,143.6513,51.64,88,99,3.2,overcast clouds
324,Ellensburg,US,46.9965,-120.5479,54.25,59,0,4.0,clear sky
325,Kollo,NE,13.3043,2.339,78.3,9,0,9.89,clear sky
326,Maceio,BR,-9.6658,-35.7353,85.44,65,20,16.11,few clouds
327,Morrope,PE,-6.5417,-80.0111,82.51,50,99,15.48,overcast clouds
328,Stykkisholmur,IS,65.0757,-22.7297,22.95,83,100,9.37,overcast clouds
329,Acajutla,SV,13.5928,-89.8275,95.34,55,16,9.75,few clouds
330,Celendin,PE,-6.8703,-78.1517,57.72,63,99,7.11,light rain
331,Dossor,KZ,47.5272,52.9811,32.59,95,100,7.0,overcast clouds
332,Swindon,GB,51.558,-1.7812,41.59,87,0,9.22,clear sky
333,Atar,MR,20.5169,-13.0499,72.46,15,46,13.71,scattered clouds
334,Talcahuano,CL,-36.7167,-73.1167,69.48,49,0,17.27,clear sky
335,Ghanzi,BW,-21.5667,21.7833,70.61,71,1,4.32,clear sky
336,Awbari,LY,26.5921,12.7805,52.23,34,0,8.05,clear sky
337,Imeni Poliny Osipenko,RU,52.4201,136.4853,6.04,95,100,6.17,overcast clouds
338,Iglino,RU,54.8324,56.4126,19.49,97,93,5.82,light snow
339,West Wendover,US,40.7391,-114.0733,56.14,23,53,5.32,broken clouds
340,Burnie,AU,-41.0667,145.9167,55.92,83,98,9.37,overcast clouds
341,Menomonie,US,44.8755,-91.9193,24.84,68,100,21.85,overcast clouds
342,Aginskoye,RU,51.1,114.53,-16.01,95,79,4.97,broken clouds
343,Sunrise Manor,US,36.2111,-115.0731,76.87,18,0,10.36,clear sky
344,Port Blair,IN,11.6667,92.75,77.16,74,100,7.83,overcast clouds
345,Porto Murtinho,BR,-21.6989,-57.8825,103.57,20,47,5.44,scattered clouds
346,Severnyy,RU,50.677,36.5532,33.84,86,75,8.95,broken clouds
347,Tygda,RU,53.1167,126.3333,-9.27,94,97,4.85,overcast clouds
348,Surgut,RU,61.25,73.4167,-6.92,83,0,8.99,clear sky
349,Englehart,CA,47.8169,-79.8664,27.16,93,100,13.8,snow
350,Cervo,ES,43.6702,-7.4101,52.97,89,100,15.77,overcast clouds
351,Teeli,RU,51.0333,90.2333,-20.97,89,73,1.52,broken clouds
352,Hamilton,US,39.1834,-84.5333,57.72,48,100,10.36,overcast clouds
353,College,US,64.8569,-147.8028,2.28,76,75,9.22,broken clouds
354,Bako,ET,5.7833,36.5667,70.95,45,96,4.03,overcast clouds
355,Kawalu,ID,-7.3817,108.2082,72.7,92,100,2.01,overcast clouds
356,Oswego,US,43.4501,-76.1497,49.95,48,100,4.0,overcast clouds
357,Funadhoo,MV,6.15,73.2667,81.84,73,99,6.13,overcast clouds
358,Sola,VU,-13.8833,167.55,81.36,77,88,14.88,light rain
359,Pemangkat,ID,1.1667,108.9667,75.18,92,100,3.27,light rain
360,Jamame,SO,0.0722,42.7506,76.1,80,4,13.58,clear sky
361,San Cristobal,VE,7.7669,-72.225,71.78,59,83,2.28,broken clouds
362,Chopinzinho,BR,-25.8558,-52.5233,87.57,31,60,3.38,broken clouds
363,Fukue,JP,32.6881,128.8419,50.41,57,100,11.14,overcast clouds
364,Camacupa,AO,-12.0167,17.4833,63.41,82,60,4.7,broken clouds
365,Nicoya,CR,10.1483,-85.452,87.35,46,95,8.55,overcast clouds
366,Dongsheng,CN,39.8161,109.9776,24.1,52,100,13.18,overcast clouds
367,Tougue,GN,11.4667,-11.6,72.21,14,4,3.11,clear sky
368,Santo Angelo,BR,-28.2992,-54.2631,83.73,46,91,10.78,overcast clouds
369,Tchollire,CM,8.4022,14.1698,74.12,11,62,1.28,broken clouds
370,Ancud,CL,-41.8697,-73.8203,68.23,54,0,4.68,clear sky
371,Awang,PH,7.1531,124.2211,74.46,93,24,3.74,few clouds
372,Tual,ID,-5.6667,132.75,81.45,71,69,1.86,broken clouds
373,Kampong Chhnang,KH,12.1667,104.55,76.21,79,99,5.79,overcast clouds
374,Pallasovka,RU,50.05,46.8833,33.28,96,100,15.52,light snow
375,Gat,IL,31.61,34.7642,52.39,100,12,5.46,few clouds
376,Ust-Kulom,RU,61.6864,53.6902,16.3,94,100,7.99,overcast clouds
377,Kavaratti,IN,10.5669,72.642,80.29,76,48,9.4,scattered clouds
378,Bobo Dioulasso,BF,11.1771,-4.2979,80.6,9,3,5.14,clear sky
379,Maturin,VE,9.75,-63.1767,84.43,49,98,10.8,overcast clouds
380,Ayagoz,KZ,47.9714,80.4392,-11.18,100,100,4.38,overcast clouds
381,Shelburne,CA,44.0787,-80.2041,34.23,96,100,17.02,overcast clouds
382,Alenquer,BR,-1.9417,-54.7383,80.94,74,100,4.16,overcast clouds
383,Morgan City,US,29.6994,-91.2068,72.03,30,0,8.05,clear sky
384,Sao Joao Da Barra,BR,-21.6403,-41.0511,78.89,85,100,10.29,overcast clouds
385,Paamiut,GL,61.994,-49.6678,30.81,77,100,17.58,overcast clouds
386,Lagos,NG,6.5833,3.75,79.74,83,6,6.85,clear sky
387,Sao Jose Da Coroa Grande,BR,-8.8978,-35.1478,83.44,70,97,15.01,overcast clouds
388,Chatham,GB,51.3789,0.5279,41.94,79,99,1.99,overcast clouds
389,Lata,PT,40.1629,-8.3327,56.8,88,100,1.61,overcast clouds
390,Shaunavon,CA,49.6501,-108.4181,24.08,86,100,12.77,light snow
391,Groton,US,41.3501,-72.0784,56.64,51,0,14.0,clear sky
392,Souillac,MU,-20.5167,57.5167,76.35,81,7,1.77,clear sky
393,Am Timan,TD,11.0297,20.2827,79.77,12,0,5.14,clear sky
394,Coquimbo,CL,-29.9533,-71.3436,73.13,60,0,14.97,clear sky
395,Mamallapuram,IN,12.6264,80.1722,80.06,69,39,10.6,scattered clouds
396,Faanui,PF,-16.4833,-151.75,81.19,72,49,16.2,scattered clouds
397,Waipawa,NZ,-41.4122,175.5153,62.46,99,100,4.07,overcast clouds
398,Nizwa,OM,22.9333,57.5333,62.82,53,0,3.62,clear sky
399,Dajal,PK,29.5577,70.3762,58.64,26,0,2.64,clear sky
400,Amga,RU,60.8953,131.9608,-33.29,100,82,1.1,broken clouds
401,Ixtapa,MX,20.7,-105.2,74.43,57,40,11.5,scattered clouds
402,Estrela,BR,-28.0611,-50.9383,78.13,44,66,1.03,broken clouds
403,Tias,ES,28.9611,-13.645,65.95,52,0,1.14,clear sky
404,Vanderhoof,CA,54.0166,-124.0198,33.4,71,24,2.98,few clouds
405,Celestun,MX,20.8667,-90.4,76.33,70,36,12.28,scattered clouds
406,Joshimath,IN,30.5667,79.5667,35.19,27,0,10.63,clear sky
407,Nemuro,JP,43.3236,145.575,23.0,74,81,8.08,broken clouds
408,Muisne,EC,0.6,-80.0333,79.57,78,36,8.41,scattered clouds
409,Flinders,AU,-34.5833,150.8552,70.21,91,100,4.0,overcast clouds
410,Manacor,ES,39.5696,3.2096,52.39,87,92,6.13,overcast clouds
411,Aguimes,ES,27.9054,-15.4461,66.83,60,0,5.75,clear sky
412,Neiafu,TO,-18.65,-173.9833,83.08,83,40,4.61,scattered clouds
413,Sioux Lookout,CA,50.1001,-91.917,-3.62,59,40,13.8,scattered clouds
414,Korla,CN,41.7597,86.1469,26.78,49,0,2.95,clear sky
415,Bocas Del Toro,PA,9.3333,-82.25,87.08,68,79,6.26,broken clouds
416,Nome,US,64.5011,-165.4064,-5.73,59,0,9.22,clear sky
417,Yerbogachen,RU,61.2767,108.0108,-10.1,98,100,3.11,overcast clouds
418,Pierre,US,44.3683,-100.351,27.05,59,75,20.71,broken clouds
419,Abatskoye,RU,56.2875,70.4555,-6.95,90,17,13.44,few clouds
420,Opuwo,NA,-18.0607,13.84,71.49,80,99,3.02,moderate rain
421,Linxia,CN,35.6003,103.2064,21.07,96,100,3.65,light snow
422,Balikpapan,ID,-1.2675,116.8289,72.63,91,100,4.16,overcast clouds
423,Sulangan,PH,11.1373,123.7228,79.18,85,100,12.44,overcast clouds
424,Mangochi,MW,-14.4782,35.2645,69.01,91,100,1.21,overcast clouds
425,Hofn,IS,64.2539,-15.2082,29.39,80,100,20.42,overcast clouds
426,Windhoek,NA,-22.5594,17.0832,65.1,90,100,4.0,overcast clouds
427,Kholmogory,RU,64.2229,41.656,26.71,97,97,4.29,snow
428,Kichmengskiy Gorodok,RU,59.9816,45.7854,16.52,99,93,3.78,overcast clouds
429,Rocha,UY,-34.4833,-54.3333,78.53,67,97,11.83,overcast clouds
430,Jining,CN,35.405,116.5814,36.18,64,7,6.26,clear sky
431,Florence,IT,43.7667,11.25,52.23,80,75,1.14,broken clouds
432,Honiara,SB,-9.4333,159.95,76.3,95,100,3.51,moderate rain
433,Los Llanos De Aridane,ES,28.6585,-17.9182,66.13,38,0,5.99,clear sky
434,Ahipara,NZ,-35.1667,173.1667,75.47,92,94,15.12,overcast clouds
435,Sinegorye,RU,62.0788,150.477,-23.91,86,94,1.92,overcast clouds
436,Boralday,KZ,43.3578,76.8594,26.46,93,100,2.24,mist
437,Tilichiki,RU,60.4667,166.1,-18.26,86,4,9.13,clear sky
438,Clyde River,CA,70.4692,-68.5914,-16.37,76,100,32.21,heavy snow
439,Imbituba,BR,-28.24,-48.6703,80.82,68,0,13.87,clear sky
440,Kidal,ML,18.4411,1.4078,72.97,10,55,9.82,broken clouds
441,Hokitika,NZ,-42.7167,170.9667,62.6,87,100,2.13,overcast clouds
442,Visnes,NO,59.3556,5.2242,42.85,70,75,24.16,broken clouds
443,Kungurtug,RU,50.5994,97.5228,-26.37,99,47,1.74,scattered clouds
444,Taos,US,36.4072,-105.5731,57.22,34,0,5.01,clear sky
445,Rameswaram,IN,9.2833,79.3,79.21,83,100,17.74,overcast clouds
446,Berlevag,NO,70.8578,29.0864,31.95,80,40,24.16,light snow
447,Svetlogorsk,BY,52.6333,29.7333,31.12,91,100,4.52,overcast clouds
448,Itoman,JP,26.1247,127.6694,66.58,77,37,9.22,scattered clouds
449,Agnibilekrou,CI,7.1344,-3.2047,79.56,17,19,3.42,few clouds
450,Awjilah,LY,29.1081,21.2869,54.68,50,0,7.0,clear sky
451,Verkh-Usugli,RU,52.7,115.1667,-19.16,98,22,3.13,few clouds
452,Camacha,PT,33.0833,-16.3333,61.56,82,40,13.8,scattered clouds
453,Homer,US,59.6425,-151.5483,33.69,80,100,0.0,overcast clouds
454,Erzin,TR,36.9559,36.2,50.72,73,0,2.21,clear sky
455,Abu Samrah,SY,35.3029,37.1841,47.75,65,0,5.06,clear sky
456,Mana,GF,5.6592,-53.7767,78.24,84,34,10.98,scattered clouds
457,Mercedes,AR,-34.6515,-59.4307,68.65,66,100,21.52,light rain
458,Calama,CL,-22.4667,-68.9333,73.89,18,0,23.02,clear sky
459,Lumberton,US,34.6182,-79.0086,70.48,35,100,9.28,overcast clouds
460,Tutoia,BR,-2.7619,-42.2744,84.18,75,81,9.28,broken clouds
461,Aripuana,BR,-9.1667,-60.6333,80.78,84,100,2.13,light rain
462,Ballina,AU,-28.8667,153.5667,65.95,92,88,15.1,moderate rain
463,Sadove,UA,46.2487,30.1795,37.36,69,2,3.78,clear sky
464,Pangai,TO,-19.8,-174.35,84.31,70,20,12.66,few clouds
465,Bull Savanna,JM,17.8868,-77.5902,77.13,76,54,12.93,broken clouds
466,Changli,CN,39.7042,119.1506,26.98,52,61,11.12,broken clouds
467,Altamont,US,42.2068,-121.7372,55.78,48,0,9.22,clear sky
468,Kikerino,RU,59.4667,29.6333,27.07,86,98,10.96,overcast clouds
469,Copiapo,CL,-27.3667,-70.3333,73.09,30,0,12.68,clear sky
470,Nevsehir,TR,38.9167,34.6667,20.41,86,40,2.3,mist
471,Praia Da Vitoria,PT,38.7333,-27.0667,60.76,80,80,5.41,broken clouds
472,Mutoko,ZW,-17.397,32.2268,64.83,75,40,3.51,scattered clouds
473,Colac,AU,-38.3333,143.5833,60.17,93,6,6.42,clear sky
474,Sabha,LY,27.0377,14.4283,52.66,29,0,7.02,clear sky
475,Panguna,PG,-6.3164,155.4848,68.59,98,100,2.53,light rain
476,Mount Isa,AU,-20.7333,139.5,82.17,34,15,12.66,few clouds
477,Sarangani,PH,5.4033,125.4636,81.14,78,100,17.36,overcast clouds
478,Jalingo,NG,8.8833,11.3667,78.42,12,3,4.34,clear sky
479,Axim,GH,4.8699,-2.2405,79.92,83,7,8.41,clear sky
480,High Level,CA,58.5169,-117.136,2.73,90,100,5.37,overcast clouds
481,Meulaboh,ID,4.1363,96.1285,74.66,87,100,7.31,overcast clouds
482,Moron,AR,-34.6534,-58.6198,69.03,77,100,14.97,light rain
483,Ibotirama,BR,-12.1853,-43.2206,88.32,43,67,4.54,broken clouds
484,Lavrentiya,RU,65.5833,-171.0,-26.25,94,25,7.27,scattered clouds
485,Olafsvik,IS,64.8945,-23.7142,30.56,73,100,17.56,overcast clouds
486,Alakurtti,RU,66.9672,30.3491,23.63,90,50,9.53,light snow
487,Whitehorse,CA,60.7161,-135.0538,24.03,85,100,15.99,overcast clouds
488,Dali,CN,25.7,100.1833,39.29,88,0,3.49,clear sky
489,Abu Kamal,SY,34.4506,40.9171,53.65,52,40,9.4,scattered clouds
490,Dunedin,NZ,-45.8742,170.5036,55.18,93,100,2.37,overcast clouds
491,Maningrida,AU,-12.0667,134.2667,79.14,81,61,4.68,broken clouds
492,Honiton,GB,50.7996,-3.189,42.93,87,100,7.58,overcast clouds
493,Bluefields,NI,12.0137,-83.7635,82.02,70,50,9.24,scattered clouds
494,San Pedro,PH,14.35,121.0167,77.11,79,37,9.22,scattered clouds
495,Tehri,IN,30.3833,78.4833,47.5,40,0,5.82,clear sky
496,Shakiso,ET,5.75,38.9167,69.24,35,100,4.27,overcast clouds
497,Phangnga,TH,8.4509,98.5298,75.24,93,98,2.59,overcast clouds
498,Guerrero Negro,MX,27.9769,-114.0611,75.87,21,0,7.92,clear sky
499,Pisco,PE,-13.7,-76.2167,82.45,51,0,19.57,clear sky
500,West Lafayette,US,40.4259,-86.9081,41.11,95,100,8.05,light rain
501,Beroroha,MG,-21.6667,45.1667,78.96,79,3,1.43,clear sky
502,Matara,LK,5.9485,80.5353,75.09,91,96,7.94,overcast clouds
503,Evanston,US,42.0411,-87.6901,45.21,71,75,14.97,broken clouds
504,Coos Bay,US,43.3665,-124.2179,61.23,71,0,6.91,clear sky
505,Jiuquan,CN,39.7432,98.5174,24.71,58,100,2.93,overcast clouds
506,Tigil,RU,57.8,158.6667,-20.61,100,81,1.19,broken clouds
507,Ketchikan,US,55.3422,-131.6461,39.18,87,100,4.61,overcast clouds
508,Cayenne,GF,4.9333,-52.3333,79.09,88,100,4.61,overcast clouds
509,Bandarbeyla,SO,9.4942,50.8122,74.93,63,67,18.77,broken clouds
510,Nouadhibou,MR,20.931,-17.0347,72.79,49,91,13.02,overcast clouds
511,Geraldton,AU,-28.7667,114.6,72.01,88,40,4.61,scattered clouds
512,Santa Isabel Do Rio Negro,BR,-0.4139,-65.0192,85.15,69,84,3.27,broken clouds
513,Kingston,JM,17.997,-76.7936,81.55,82,20,23.02,few clouds
514,Severo-Kurilsk,RU,50.6789,156.125,23.76,91,100,5.01,light snow
515,Ouadda,CF,8.0777,22.4007,72.05,21,40,6.31,scattered clouds
516,Codrington,AU,-38.2667,141.9667,51.76,90,1,8.12,clear sky
517,Barabai,ID,-2.5833,115.3833,72.84,99,100,1.16,moderate rain
518,Bang Saphan,TH,11.2126,99.5117,75.69,87,100,2.91,overcast clouds
519,Grindavik,IS,63.8424,-22.4338,30.67,64,0,12.66,clear sky
520,Inhambane,MZ,-23.865,35.3833,75.63,76,15,10.16,few clouds
521,Havoysund,NO,70.9963,24.6622,30.43,56,97,18.32,overcast clouds
522,Fort-Shevchenko,KZ,44.5086,50.263,38.62,89,100,9.71,overcast clouds
523,Ambilobe,MG,-13.2,49.05,73.58,96,100,2.55,light rain
524,Wajir,KE,1.7471,40.0573,87.28,26,100,10.09,overcast clouds
525,Senno,RU,59.5336,33.9167,26.89,94,100,8.75,light snow
526,Aksarka,RU,66.5606,67.7975,-1.66,87,100,10.92,overcast clouds
527,San Vicente,AR,-26.6167,-54.1333,87.82,30,91,1.9,light rain
528,Meadow Lake,US,34.8014,-106.5436,61.57,26,4,12.5,clear sky
529,Wladyslawowo,PL,54.7909,18.4009,34.02,68,48,19.1,scattered clouds
530,Alice Springs,AU,-23.7,133.8833,60.35,88,0,0.0,clear sky
531,Cap Malheureux,MU,-19.9842,57.6142,76.46,79,92,4.92,overcast clouds
532,Gunjur,GM,13.2019,-16.7339,83.26,27,1,11.21,clear sky
533,Belyy Yar,RU,53.6039,91.3903,-27.15,57,65,0.0,smoke
534,Grand Island,US,40.925,-98.342,46.69,39,40,29.93,scattered clouds
535,Tabou,CI,4.423,-7.3528,79.7,82,44,9.8,scattered clouds
536,Chara,RU,56.9064,118.2631,-27.58,86,88,1.23,overcast clouds
537,Paciran,ID,-6.8767,112.3761,74.68,91,100,2.35,overcast clouds
538,Batman,TR,37.8874,41.1322,40.8,75,0,4.61,clear sky
539,Puno,PE,-15.8333,-70.0333,58.44,41,17,13.65,few clouds
540,Montepuez,MZ,-13.1256,38.9997,68.7,99,100,1.86,light rain
541,Port Moresby,PG,-9.4431,147.1797,73.67,82,97,3.29,overcast clouds
542,Leningradskiy,RU,69.3833,178.4167,-19.7,97,99,4.83,overcast clouds
543,Shebalino,RU,51.2917,85.6772,-3.84,89,6,5.59,clear sky
544,Ahuimanu,US,21.4447,-157.8378,78.51,69,0,5.75,clear sky
545,Nohar,IN,29.1833,74.7667,57.52,31,0,1.57,clear sky
546,Rochegda,RU,62.8,43.25,23.68,96,100,5.39,light snow
547,Lubango,AO,-14.9172,13.4925,57.33,82,93,2.55,overcast clouds
548,Tocopilla,CL,-22.092,-70.1979,72.68,62,13,6.67,few clouds
549,Sotouboua,TG,8.5667,0.9833,82.18,13,59,0.89,broken clouds
550,Mount Gambier,AU,-37.8333,140.7667,51.06,90,0,6.53,clear sky
551,Erenhot,CN,43.6475,111.9767,4.95,95,94,4.05,overcast clouds
552,Kyabram,AU,-36.3167,145.05,56.88,66,21,7.65,few clouds
553,Kusu,JP,33.2831,131.1514,40.39,77,100,1.9,overcast clouds
554,Diffa,NE,13.3154,12.6113,68.5,16,2,8.03,clear sky
555,Dukat,RU,62.55,155.55,-27.18,77,69,3.8,broken clouds
556,Henties Bay,NA,-22.116,14.2845,71.85,84,36,7.54,scattered clouds
557,Innisfail,AU,-17.5333,146.0333,73.11,89,9,3.33,clear sky
558,Shizunai,JP,42.3339,142.3669,26.29,86,100,3.36,overcast clouds
559,Vao,NC,-22.6667,167.4833,80.76,83,100,16.08,light rain
560,Hvide Sande,DK,56.0045,8.1294,34.0,67,9,14.45,clear sky
561,Touho,NC,-20.7833,165.2333,79.32,80,100,3.04,overcast clouds
562,Nara,JP,34.6851,135.8049,39.97,62,57,1.19,broken clouds
563,Voznesenskaya,RU,44.5527,41.0318,32.09,89,9,3.65,clear sky
564,Sibu,MY,2.3,111.8167,72.59,99,100,2.13,overcast clouds
565,Fare,PF,-16.7,-151.0167,81.66,72,49,15.05,scattered clouds
566,Grand Gaube,MU,-20.0064,57.6608,76.37,79,92,4.79,overcast clouds
567,Marawi,PH,7.9986,124.2928,65.64,94,12,1.39,few clouds
568,Huangcun,CN,30.0145,118.4037,41.16,98,100,2.37,overcast clouds
569,Dangriga,BZ,16.9692,-88.2321,81.99,70,3,7.96,clear sky
570,Kargasok,RU,59.0556,80.8572,-12.55,100,19,6.22,few clouds
571,Asfi,MA,32.2994,-9.2372,59.65,81,0,15.75,clear sky
572,Makakilo City,US,21.3469,-158.0858,77.32,60,0,5.75,clear sky
573,Saint-Georges,GD,12.0564,-61.7485,80.28,74,75,20.71,broken clouds
574,Lunenburg,CA,44.3835,-64.3155,47.05,51,19,9.46,few clouds
575,Liwale,TZ,-9.7667,37.9333,70.32,96,100,0.89,overcast clouds
576,Onega,RU,63.9061,38.1404,22.57,96,98,7.65,light snow
577,North Bend,US,43.4065,-124.2243,61.16,71,0,6.91,clear sky
578,Makurdi,NG,7.7411,8.5121,85.66,10,7,4.59,clear sky
579,Okhotsk,RU,59.3833,143.3,-11.74,86,76,8.08,broken clouds
580,Phuthaditjhaba,ZA,-28.5242,28.8158,63.97,66,75,4.0,broken clouds
581,Golyshmanovo,RU,56.3979,68.3728,-1.91,87,100,17.63,overcast clouds
582,Jiazi,CN,22.8779,116.067,59.9,89,62,9.48,broken clouds
583,Merauke,ID,-8.4667,140.3333,75.63,88,14,3.85,few clouds
584,Ushtobe,KZ,45.2514,77.9838,17.98,85,100,8.3,overcast clouds
585,Micheweni,TZ,-4.9667,39.8333,79.99,74,100,10.47,overcast clouds
586,Sinnamary,GF,5.3833,-52.95,78.44,86,35,10.67,scattered clouds
587,Lavello,IT,41.0456,15.7908,45.23,79,95,2.95,overcast clouds
588,Manzanillo,CU,20.3433,-77.1167,87.24,48,47,5.28,scattered clouds
589,Kamaishi,JP,39.2667,141.8833,31.08,83,67,3.49,broken clouds
590,Pechora,RU,65.1472,57.2244,10.51,84,100,14.65,overcast clouds
591,La Ronge,CA,55.1001,-105.2842,-10.35,89,91,1.39,overcast clouds
592,Presidencia Roque Saenz Pena,AR,-26.7852,-60.4388,105.49,14,18,3.2,light rain
593,Rincon,US,32.296,-81.2354,69.71,28,75,6.91,broken clouds
594,Skjervoy,NO,70.0311,20.9714,28.58,55,100,18.77,light snow
595,Waingapu,ID,-9.6567,120.2641,78.13,85,100,5.41,overcast clouds
596,Plunge,LT,55.9114,21.8442,32.59,89,100,7.16,light snow
597,Nakasongola,UG,1.3089,32.4564,68.94,70,90,4.79,overcast clouds
598,Vaitape,PF,-16.5167,-151.75,81.19,72,52,16.15,broken clouds
599,Sukumo,JP,32.9333,132.7333,44.17,70,98,2.75,overcast clouds
600,Gorontalo,ID,0.5412,123.0595,73.83,95,60,3.49,broken clouds
601,Shache,CN,38.4167,77.2406,32.81,47,71,4.61,broken clouds
602,Shaghat,AM,39.5625,45.9143,25.5,92,56,2.68,broken clouds
603,Hailar,CN,49.2,119.7,-14.73,100,100,3.58,overcast clouds
604,Bethlehem,BR,-1.4558,-48.5044,82.44,83,40,10.36,scattered clouds
605,Farap,TM,39.1704,63.6116,46.92,63,100,13.11,overcast clouds
606,Westport,US,41.1415,-73.3579,57.97,44,0,12.66,clear sky
607,Cary,US,35.7915,-78.7811,69.75,27,40,16.11,scattered clouds
608,Richards Bay,ZA,-28.783,32.0377,73.69,87,5,2.8,clear sky
609,San Francisco Del Mar,MX,16.2333,-94.65,85.95,51,0,9.33,clear sky
610,Galle,LK,6.0367,80.217,77.2,84,97,1.34,overcast clouds
611,Forbes,AU,-33.3833,148.0167,64.92,64,3,7.99,clear sky
612,Parfino,RU,57.9731,31.6481,28.33,90,62,7.16,broken clouds
613,Kariapatti,IN,9.6751,78.0999,74.3,83,65,8.63,broken clouds
614,Monze,ZM,-16.2833,27.4833,65.57,94,100,3.89,light rain
615,Hambantota,LK,6.1241,81.1185,77.11,88,95,12.68,overcast clouds
616,Shepsi,RU,44.0361,39.1489,42.84,79,5,14.63,clear sky
617,Bonavista,CA,48.6499,-53.1147,39.11,85,75,19.17,broken clouds
618,Banda Aceh,ID,5.5577,95.3222,77.61,77,90,4.32,overcast clouds
619,Kurumkan,RU,54.3,110.3,-20.02,93,90,3.67,overcast clouds
620,Carlos Chagas,BR,-17.7031,-40.7664,81.97,68,97,6.31,overcast clouds
621,Ouango,CF,4.3133,22.5552,77.25,30,75,1.92,broken clouds
622,Norsup,VU,-16.0667,167.3833,80.53,81,100,3.31,overcast clouds
623,Mildura,AU,-34.2,142.15,55.36,67,0,8.05,clear sky
624,Hobyo,SO,5.3505,48.5268,76.71,66,25,18.25,scattered clouds
625,Takapau,NZ,-40.0333,176.35,65.17,99,100,4.32,light rain
626,Kyshtovka,RU,56.555,76.6271,-17.1,100,60,4.99,broken clouds
627,Emba,KZ,48.8264,58.1442,23.2,90,100,13.87,overcast clouds
628,Mogok,MM,22.9167,96.5,52.9,53,0,2.53,clear sky
629,Kharan,PK,28.5833,65.4167,58.96,14,0,1.95,clear sky
630,Bondo,CD,3.8146,23.6866,77.94,30,100,1.52,overcast clouds
631,Ariano Irpino,IT,41.1489,15.0833,43.7,71,98,1.28,overcast clouds
632,Pyay,MM,18.8167,95.2167,66.42,43,0,3.76,clear sky
633,Bud,US,39.447,-86.1758,49.75,87,100,14.88,moderate rain
634,General Roca,AR,-39.0333,-67.5833,77.56,13,0,6.76,clear sky
635,Lincoln,US,40.8,-96.667,45.14,53,40,25.32,scattered clouds
636,Shahpur,IN,16.7,76.8333,73.87,45,40,7.43,scattered clouds
637,Porto Novo,BJ,6.4965,2.6036,80.42,80,7,8.48,clear sky
638,Aykhal,RU,66.0,111.5,-7.69,100,99,5.61,overcast clouds
639,Khasan,RU,42.4308,130.6434,23.02,55,8,17.56,clear sky
640,Olinda,BR,-8.0089,-34.8553,83.93,70,40,9.22,scattered clouds
641,Kulhudhuffushi,MV,6.6221,73.07,81.5,72,99,5.01,overcast clouds
642,Okha,RU,53.5739,142.9478,17.69,94,100,5.57,overcast clouds
643,Tepalcatepec,MX,19.1833,-102.85,88.7,14,0,4.88,clear sky
644,Saint-Leu,RE,-21.15,55.2833,76.06,77,14,3.91,few clouds
645,Millau,FR,44.0833,2.9167,37.53,79,1,3.96,clear sky
646,Madinat Sittah Uktubar,EG,29.8167,31.05,56.8,61,0,11.92,clear sky
647,Lauria,IT,40.0465,15.8358,44.8,76,99,0.87,overcast clouds
648,Dawson Creek,CA,55.7666,-120.2362,32.59,49,100,5.37,overcast clouds
649,Riyadh,SA,24.6877,46.7219,62.74,37,0,11.16,clear sky
650,Aksum,ET,14.1245,38.7244,60.62,67,38,4.41,scattered clouds
651,Bronnoysund,NO,65.4625,12.1997,32.0,93,40,23.02,scattered clouds
652,Reconquista,AR,-29.15,-59.65,104.72,12,64,0.83,broken clouds
653,Araouane,ML,18.9048,-3.5265,67.15,15,62,9.89,broken clouds
654,Tezu,IN,27.9167,96.1667,53.8,68,97,2.86,overcast clouds
655,Llanes,ES,43.4198,-4.7549,53.89,85,100,12.5,overcast clouds
656,Buin,CL,-33.7333,-70.75,85.05,21,53,12.68,broken clouds
657,Sangar,RU,63.9242,127.4739,-38.04,100,90,2.28,overcast clouds
658,Khani,GE,41.9563,42.9566,27.97,82,14,6.78,few clouds
659,Kaoma,ZM,-14.7833,24.8,65.73,94,100,3.89,overcast clouds
660,Bafra,TR,41.5678,35.9069,42.58,67,0,8.14,clear sky
661,Iracoubo,GF,5.4802,-53.2011,78.22,86,26,11.01,scattered clouds
662,Port-Cartier,CA,50.0334,-66.8654,21.74,76,67,5.53,broken clouds
663,Samarai,PG,-10.6167,150.6667,80.26,64,53,12.86,broken clouds
664,Altamira,BR,-3.2033,-52.2064,81.05,88,95,1.97,overcast clouds
665,Novoselytsya,UA,48.2193,26.2653,46.09,82,64,5.06,broken clouds
666,Antofagasta,CL,-23.65,-70.4,70.88,66,4,9.84,clear sky
667,Tres Arroyos,AR,-38.3739,-60.2798,63.25,48,100,16.62,overcast clouds
668,Jinka,ET,5.65,36.65,72.25,41,95,2.13,overcast clouds
669,Mae Hong Son,TH,19.3003,97.9685,58.84,37,0,1.7,clear sky
670,Bowen,AU,-20.0167,148.2333,73.63,82,0,7.29,clear sky
671,Kungur,RU,57.4368,56.9593,17.13,96,100,5.39,light snow
672,Surt,LY,31.2089,16.5887,57.52,69,100,5.82,overcast clouds
673,Tiznit,MA,29.5833,-9.5,56.79,62,2,4.21,clear sky
674,Nyaunglebin,MM,17.95,96.7333,63.81,36,3,2.48,clear sky
675,Nanning,CN,22.8167,108.3167,52.14,90,100,3.13,overcast clouds
676,Rabaul,PG,-4.1967,152.1721,78.69,82,100,6.24,overcast clouds
677,Vila,PT,42.0304,-8.1588,46.33,85,100,1.3,overcast clouds
678,Arona,ES,28.0996,-16.681,65.98,62,0,5.75,clear sky
679,Magomeni,TZ,-6.8,39.25,80.15,76,96,7.36,overcast clouds
680,Tarata,BO,-17.6167,-66.0167,76.42,42,90,10.89,moderate rain
681,Dongning,CN,44.0622,131.1207,7.75,84,4,8.68,clear sky
682,Boulsa,BF,12.6675,-0.5758,80.91,9,0,9.06,clear sky
